Designator,Mid X,Mid Y,Layer,Rotation
AE1,97.400000mm,5.200000mm,Top,0.000000
C1,12.300000mm,5.000000mm,Top,90.000000
C2,22.000000mm,3.800000mm,Top,90.000000
C3,22.000000mm,6.200000mm,Top,90.000000
C4,12.300000mm,10.000000mm,Top,90.000000
C5,22.000000mm,10.000000mm,Top,90.000000
C6,12.300000mm,15.000000mm,Top,90.000000
C7,22.000000mm,15.000000mm,Top,90.000000
C8,12.300000mm,20.000000mm,Top,90.000000
C9,22.000000mm,20.000000mm,Top,90.000000
C11,12.000000mm,28.300000mm,Top,0.000000
C12,37.500000mm,27.200000mm,Top,90.000000
C13,34.800000mm,27.200000mm,Top,90.000000
C14,24.000000mm,7.400000mm,Top,90.000000
C15,26.200000mm,7.400000mm,Top,90.000000
C16,28.400000mm,7.400000mm,Top,90.000000
C17,30.600000mm,7.400000mm,Top,90.000000
C18,32.800000mm,7.400000mm,Top,90.000000
C19,35.000000mm,6.500000mm,Top,90.000000
C20,23.000000mm,22.600000mm,Top,90.000000
C21,25.200000mm,22.600000mm,Top,90.000000
C22,27.400000mm,22.600000mm,Top,90.000000
C23,29.600000mm,22.600000mm,Top,90.000000
C24,31.800000mm,22.600000mm,Top,90.000000
C25,34.000000mm,22.600000mm,Top,90.000000
C28,50.500000mm,28.300000mm,Top,90.000000
C29,60.500000mm,28.300000mm,Top,90.000000
C30,62.500000mm,28.300000mm,Top,90.000000
C31,64.800000mm,28.300000mm,Top,90.000000
C32,67.000000mm,21.000000mm,Top,90.000000
C33,69.000000mm,21.000000mm,Top,90.000000
C34,71.000000mm,21.000000mm,Top,90.000000
C35,73.000000mm,21.000000mm,Top,90.000000
C36,75.000000mm,21.000000mm,Top,90.000000
C37,77.000000mm,21.000000mm,Top,90.000000
C38,31.500000mm,28.300000mm,Top,90.000000
C39,36.000000mm,2.400000mm,Top,90.000000
C40,38.500000mm,2.400000mm,Top,90.000000
C41,41.000000mm,2.400000mm,Top,90.000000
C42,58.500000mm,10.000000mm,Top,90.000000
C43,58.500000mm,12.000000mm,Top,90.000000
C44,42.000000mm,17.800000mm,Top,90.000000
C45,44.500000mm,23.000000mm,Top,90.000000
C46,48.500000mm,6.500000mm,Top,90.000000
C47,51.500000mm,6.500000mm,Top,90.000000
C48,50.000000mm,21.250000mm,Top,0.000000
C49,52.000000mm,24.500000mm,Top,90.000000
C50,55.800000mm,23.000000mm,Top,90.000000
C51,55.800000mm,15.300000mm,Top,90.000000
C52,45.500000mm,9.000000mm,Top,90.000000
C53,44.500000mm,16.500000mm,Top,90.000000
C54,58.000000mm,17.500000mm,Top,90.000000
C55,54.500000mm,9.000000mm,Top,90.000000
C56,44.500000mm,13.000000mm,Top,90.000000
C57,61.000000mm,17.000000mm,Top,90.000000
C58,65.500000mm,7.000000mm,Top,90.000000
C59,67.500000mm,7.000000mm,Top,90.000000
C60,69.500000mm,7.000000mm,Top,90.000000
C61,72.000000mm,9.000000mm,Top,90.000000
C62,79.000000mm,9.000000mm,Top,90.000000
C63,81.500000mm,9.000000mm,Top,90.000000
C64,83.500000mm,9.000000mm,Top,90.000000
D1,7.000000mm,5.000000mm,Top,90.000000
D2,7.000000mm,10.000000mm,Top,90.000000
D3,7.000000mm,15.000000mm,Top,90.000000
D4,7.000000mm,20.000000mm,Top,90.000000
D5,7.000000mm,25.000000mm,Top,90.000000
D6,14.500000mm,4.000000mm,Top,90.000000
D7,16.700000mm,6.000000mm,Top,90.000000
D8,14.500000mm,9.000000mm,Top,90.000000
D9,16.700000mm,11.000000mm,Top,90.000000
D10,14.500000mm,14.000000mm,Top,90.000000
D11,16.700000mm,16.000000mm,Top,90.000000
D12,14.500000mm,19.000000mm,Top,90.000000
D13,16.700000mm,21.000000mm,Top,90.000000
D14,38.000000mm,20.800000mm,Top,90.000000
D15,33.000000mm,2.400000mm,Top,0.000000
D16,88.000000mm,4.200000mm,Top,0.000000
F1,46.000000mm,28.500000mm,Top,90.000000
F2,78.500000mm,18.000000mm,Top,0.000000
FB1,54.500000mm,20.500000mm,Top,0.000000
J1,3.500000mm,15.000000mm,Top,90.000000
J2,42.000000mm,27.100000mm,Top,0.000000
J4,91.000000mm,22.500000mm,Top,270.000000
L1,48.500000mm,8.800000mm,Top,0.000000
L2,51.500000mm,8.800000mm,Top,0.000000
Q1,49.000000mm,24.500000mm,Top,0.000000
R1,10.000000mm,5.000000mm,Top,0.000000
R2,19.500000mm,4.200000mm,Top,0.000000
R3,19.500000mm,5.800000mm,Top,0.000000
R4,10.000000mm,10.000000mm,Top,0.000000
R5,19.500000mm,10.000000mm,Top,0.000000
R6,10.000000mm,15.000000mm,Top,0.000000
R7,19.500000mm,15.000000mm,Top,0.000000
R8,10.000000mm,20.000000mm,Top,0.000000
R9,19.500000mm,20.000000mm,Top,0.000000
R10,14.500000mm,25.000000mm,Top,0.000000
R11,10.000000mm,25.000000mm,Top,0.000000
R12,8.500000mm,28.300000mm,Top,0.000000
R13,34.800000mm,24.700000mm,Top,0.000000
R14,37.200000mm,24.700000mm,Top,0.000000
R15,39.500000mm,23.000000mm,Top,0.000000
R16,36.000000mm,9.300000mm,Top,0.000000
R17,36.000000mm,11.500000mm,Top,0.000000
R20,48.000000mm,28.300000mm,Top,90.000000
R21,79.000000mm,20.000000mm,Top,90.000000
R22,81.000000mm,20.000000mm,Top,90.000000
R23,61.000000mm,21.800000mm,Top,0.000000
R24,63.500000mm,21.800000mm,Top,0.000000
R25,64.500000mm,19.000000mm,Top,0.000000
R26,24.000000mm,28.300000mm,Top,0.000000
R27,26.500000mm,28.300000mm,Top,0.000000
R28,29.000000mm,28.300000mm,Top,0.000000
R29,43.000000mm,10.000000mm,Top,90.000000
R30,43.000000mm,13.000000mm,Top,90.000000
R31,43.000000mm,16.000000mm,Top,90.000000
R32,40.000000mm,21.000000mm,Top,90.000000
R33,48.000000mm,21.500000mm,Top,0.000000
R34,42.500000mm,8.000000mm,Top,0.000000
R35,57.000000mm,19.500000mm,Top,0.000000
R36,59.000000mm,19.500000mm,Top,0.000000
R37,85.500000mm,4.200000mm,Top,0.000000
R38,61.500000mm,12.500000mm,Top,0.000000
R39,64.000000mm,12.500000mm,Top,0.000000
R40,71.800000mm,13.500000mm,Top,90.000000
R41,78.000000mm,14.000000mm,Top,0.000000
R42,80.500000mm,14.000000mm,Top,0.000000
R43,78.000000mm,16.200000mm,Top,0.000000
R44,80.500000mm,16.200000mm,Top,0.000000
R45,83.000000mm,13.000000mm,Top,90.000000
R46,83.000000mm,15.200000mm,Top,90.000000
R47,83.000000mm,17.400000mm,Top,90.000000
R48,83.000000mm,19.600000mm,Top,90.000000
R49,83.000000mm,21.800000mm,Top,90.000000
R50,83.000000mm,24.000000mm,Top,90.000000
R51,93.000000mm,5.200000mm,Top,0.000000
R52,40.700000mm,10.000000mm,Top,90.000000
R53,40.700000mm,13.000000mm,Top,90.000000
R54,40.700000mm,16.000000mm,Top,90.000000
R55,40.700000mm,19.000000mm,Top,90.000000
U1,28.500000mm,15.000000mm,Top,180.000000
U2,50.000000mm,15.000000mm,Top,90.000000
U3,63.000000mm,8.500000mm,Top,0.000000
U4,62.500000mm,24.800000mm,Top,0.000000
U5,67.000000mm,25.000000mm,Top,0.000000
U6,71.800000mm,25.000000mm,Top,0.000000
U7,76.200000mm,25.000000mm,Top,0.000000
U8,75.500000mm,11.500000mm,Top,0.000000
U9,56.000000mm,13.500000mm,Top,180.000000
U10,80.500000mm,23.000000mm,Top,0.000000
Y1,56.300000mm,10.800000mm,Top,270.000000
Y2,44.000000mm,20.500000mm,Top,180.000000
