Reference,Value,Pin,Pin name,Net,Intentional NC
J1,ECG_HARNESS,1,RA,RA_ELEC,
J1,ECG_HARNESS,2,LA,LA_ELEC,
J1,ECG_HARNESS,3,LL,LL_ELEC,
J1,ECG_HARNESS,4,RL,RL_ELEC,
J1,ECG_HARNESS,5,V5,V5_ELEC,
J1,ECG_HARNESS,6,SHIELD,CABLE_SHIELD,
D1,PESD5V0U1UL,1,1,RA_ELEC,
D1,PESD5V0U1UL,2,2,GND,
D2,PESD5V0U1UL,1,1,LA_ELEC,
D2,PESD5V0U1UL,2,2,GND,
D3,PESD5V0U1UL,1,1,LL_ELEC,
D3,PESD5V0U1UL,2,2,GND,
D4,PESD5V0U1UL,1,1,V5_ELEC,
D4,PESD5V0U1UL,2,2,GND,
D5,PESD5V0U1UL,1,1,RL_ELEC,
D5,PESD5V0U1UL,2,2,GND,
R1,47.5k 0.1%,1,1,RA_ELEC,
R1,47.5k 0.1%,2,2,RA_PROT,
R2,47.5k 0.1%,1,1,RA_PROT,
R2,47.5k 0.1%,2,2,ADS_CH1N,
R3,47.5k 0.1%,1,1,RA_PROT,
R3,47.5k 0.1%,2,2,ADS_CH2N,
C1,100p C0G,1,1,RA_PROT,
C1,100p C0G,2,2,GND,
C2,100p C0G,1,1,ADS_CH1N,
C2,100p C0G,2,2,GND,
C3,100p C0G,1,1,ADS_CH2N,
C3,100p C0G,2,2,GND,
R4,47.5k 0.1%,1,1,LA_ELEC,
R4,47.5k 0.1%,2,2,LA_PROT,
R5,47.5k 0.1%,1,1,LA_PROT,
R5,47.5k 0.1%,2,2,ADS_CH1P,
C4,100p C0G,1,1,LA_PROT,
C4,100p C0G,2,2,GND,
C5,100p C0G,1,1,ADS_CH1P,
C5,100p C0G,2,2,GND,
R6,47.5k 0.1%,1,1,LL_ELEC,
R6,47.5k 0.1%,2,2,LL_PROT,
R7,47.5k 0.1%,1,1,LL_PROT,
R7,47.5k 0.1%,2,2,ADS_CH2P,
C6,100p C0G,1,1,LL_PROT,
C6,100p C0G,2,2,GND,
C7,100p C0G,1,1,ADS_CH2P,
C7,100p C0G,2,2,GND,
R8,47.5k 0.1%,1,1,V5_ELEC,
R8,47.5k 0.1%,2,2,V5_PROT,
R9,47.5k 0.1%,1,1,V5_PROT,
R9,47.5k 0.1%,2,2,ADS_CH3P,
C8,100p C0G,1,1,V5_PROT,
C8,100p C0G,2,2,GND,
C9,100p C0G,1,1,ADS_CH3P,
C9,100p C0G,2,2,GND,
D6,BAS116,1,K,3V0_A,
D6,BAS116,2,A,RA_PROT,
D7,BAS116,1,K,RA_PROT,
D7,BAS116,2,A,GND,
D8,BAS116,1,K,3V0_A,
D8,BAS116,2,A,LA_PROT,
D9,BAS116,1,K,LA_PROT,
D9,BAS116,2,A,GND,
D10,BAS116,1,K,3V0_A,
D10,BAS116,2,A,LL_PROT,
D11,BAS116,1,K,LL_PROT,
D11,BAS116,2,A,GND,
D12,BAS116,1,K,3V0_A,
D12,BAS116,2,A,V5_PROT,
D13,BAS116,1,K,V5_PROT,
D13,BAS116,2,A,GND,
R10,162k 0.1%,1,1,ADS_RLDOUT,
R10,162k 0.1%,2,2,RLD_LIMIT_MID,
R11,162k 0.1%,1,1,RLD_LIMIT_MID,
R11,162k 0.1%,2,2,RL_ELEC,
C10,100p C0G DNP,1,1,RL_ELEC,
C10,100p C0G DNP,2,2,GND,
R12,1M,1,1,CABLE_SHIELD,
R12,1M,2,2,GND,
C11,1nF 100V C0G,1,1,CABLE_SHIELD,
C11,1nF 100V C0G,2,2,GND,
U1,ADS1294RIZXGT,H1,IN1P,ADS_CH1P,
U1,ADS1294RIZXGT,G1,IN2P,ADS_CH2P,
U1,ADS1294RIZXGT,F1,IN3P,ADS_CH3P,
U1,ADS1294RIZXGT,E1,IN4P,ADS_CH4P,
U1,ADS1294RIZXGT,D1,IN5P,3V0_A,
U1,ADS1294RIZXGT,C1,IN6P,3V0_A,
U1,ADS1294RIZXGT,B1,IN7P,3V0_A,
U1,ADS1294RIZXGT,A1,IN8P,3V0_A,
U1,ADS1294RIZXGT,H2,IN1N,ADS_CH1N,
U1,ADS1294RIZXGT,G2,IN2N,ADS_CH2N,
U1,ADS1294RIZXGT,F2,IN3N,ADS_WCT,
U1,ADS1294RIZXGT,E2,IN4N,ADS_CH4N,
U1,ADS1294RIZXGT,D2,IN5N,3V0_A,
U1,ADS1294RIZXGT,C2,IN6N,3V0_A,
U1,ADS1294RIZXGT,B2,IN7N,3V0_A,
U1,ADS1294RIZXGT,A2,IN8N,3V0_A,
U1,ADS1294RIZXGT,H3,VREFP,ADS_VREFP,
U1,ADS1294RIZXGT,G3,VCAP4,ADS_VCAP4,
U1,ADS1294RIZXGT,F3,TESTN_PACE_OUT2,,YES
U1,ADS1294RIZXGT,E3,TESTP_PACE_OUT1,,YES
U1,ADS1294RIZXGT,D3,WCT,ADS_WCT,
U1,ADS1294RIZXGT,C3,RLDINV,ADS_RLDINV,
U1,ADS1294RIZXGT,B3,RLDOUT,ADS_RLDOUT,
U1,ADS1294RIZXGT,A3,RLDIN,ADS_RLDIN,
U1,ADS1294RIZXGT,H4,VREFN,GND,
U1,ADS1294RIZXGT,G4,RESP_MODP,ADS_RESP_MODP,
U1,ADS1294RIZXGT,F4,RESP_MODN,ADS_RESP_MODN,
U1,ADS1294RIZXGT,E4,RESV1,GND,
U1,ADS1294RIZXGT,D4,AVSS,GND,
U1,ADS1294RIZXGT,C4,RLDREF,,YES
U1,ADS1294RIZXGT,B4,AVDD,3V0_A,
U1,ADS1294RIZXGT,A4,AVDD,3V0_A,
U1,ADS1294RIZXGT,H5,VCAP1,ADS_VCAP1,
U1,ADS1294RIZXGT,G5,PWDN,ADS_PWDN,
U1,ADS1294RIZXGT,F5,GPIO1,ADS_GPIO1_TIE,
U1,ADS1294RIZXGT,E5,GPIO4,ADS_GPIO4_TIE,
U1,ADS1294RIZXGT,D5,AVSS,GND,
U1,ADS1294RIZXGT,C5,AVSS,GND,
U1,ADS1294RIZXGT,B5,AVSS,GND,
U1,ADS1294RIZXGT,A5,AVSS,GND,
U1,ADS1294RIZXGT,H6,VCAP2,ADS_VCAP2,
U1,ADS1294RIZXGT,G6,RESET,ADS_RESET,
U1,ADS1294RIZXGT,F6,DAISY_IN,GND,
U1,ADS1294RIZXGT,E6,GPIO3,ADS_GPIO3_TIE,
U1,ADS1294RIZXGT,D6,DRDY,ADS_DRDY,
U1,ADS1294RIZXGT,C6,AVDD,3V0_A,
U1,ADS1294RIZXGT,B6,AVDD,3V0_A,
U1,ADS1294RIZXGT,A6,AVDD,3V0_A,
U1,ADS1294RIZXGT,H7,DGND,GND,
U1,ADS1294RIZXGT,G7,START,ADS_START,
U1,ADS1294RIZXGT,F7,CS,ADS_CS,
U1,ADS1294RIZXGT,E7,GPIO2,ADS_GPIO2_TIE,
U1,ADS1294RIZXGT,D7,DGND,GND,
U1,ADS1294RIZXGT,C7,DGND,GND,
U1,ADS1294RIZXGT,B7,VCAP3,ADS_VCAP3,
U1,ADS1294RIZXGT,A7,AVDD1,ADS_AVDD1,
U1,ADS1294RIZXGT,H8,DIN,ADS_MOSI,
U1,ADS1294RIZXGT,G8,CLK,ADS_CLK,
U1,ADS1294RIZXGT,F8,SCLK,ADS_SCLK,
U1,ADS1294RIZXGT,E8,DOUT,ADS_MISO,
U1,ADS1294RIZXGT,D8,DVDD,3V0_D,
U1,ADS1294RIZXGT,C8,DVDD,3V0_D,
U1,ADS1294RIZXGT,B8,CLKSEL,3V0_D,
U1,ADS1294RIZXGT,A8,AVSS1,GND,
R13,0R,1,1,ADS_RLDOUT,
R13,0R,2,2,ADS_RLDIN,
R14,1M,1,1,ADS_RLDOUT,
R14,1M,2,2,ADS_RLDINV,
C12,1.5nF C0G,1,1,ADS_RLDOUT,
C12,1.5nF C0G,2,2,ADS_RLDINV,
C13,100p C0G,1,1,ADS_WCT,
C13,100p C0G,2,2,GND,
R15,0R,1,1,3V0_A,
R15,0R,2,2,ADS_AVDD1,
C14,10u 6.3V X5R,1,1,ADS_VREFP,
C14,10u 6.3V X5R,2,2,GND,
C15,100n X7R,1,1,ADS_VREFP,
C15,100n X7R,2,2,GND,
C16,22u 6.3V X5R,1,1,ADS_VCAP1,
C16,22u 6.3V X5R,2,2,GND,
C17,1u X7R,1,1,ADS_VCAP2,
C17,1u X7R,2,2,GND,
C18,1u X7R,1,1,ADS_VCAP3,
C18,1u X7R,2,2,GND,
C19,1u X7R,1,1,ADS_VCAP4,
C19,1u X7R,2,2,GND,
C20,1u X7R,1,1,3V0_A,
C20,1u X7R,2,2,GND,
C21,100n X7R,1,1,3V0_A,
C21,100n X7R,2,2,GND,
C22,1u X7R,1,1,ADS_AVDD1,
C22,1u X7R,2,2,GND,
C23,100n X7R,1,1,ADS_AVDD1,
C23,100n X7R,2,2,GND,
C24,1u X7R,1,1,3V0_D,
C24,1u X7R,2,2,GND,
C25,100n X7R,1,1,3V0_D,
C25,100n X7R,2,2,GND,
R16,0R,1,1,ADS_CH4P,
R16,0R,2,2,3V0_A,
R17,0R,1,1,ADS_CH4N,
R17,0R,2,2,3V0_A,
TP1,CH4P,1,1,ADS_CH4P,
TP2,CH4N,1,1,ADS_CH4N,
C26,2.2n C0G DNP,1,1,ADS_RESP_MODP,
C26,2.2n C0G DNP,2,2,RESP_P_AC,
R18,40.2k 0.1% DNP,1,1,RESP_P_AC,
R18,40.2k 0.1% DNP,2,2,ADS_CH2P,
C27,2.2n C0G DNP,1,1,ADS_RESP_MODN,
C27,2.2n C0G DNP,2,2,RESP_N_AC,
R19,40.2k 0.1% DNP,1,1,RESP_N_AC,
R19,40.2k 0.1% DNP,2,2,ADS_CH2N,
R52,0R,1,1,ADS_GPIO1_TIE,
R52,0R,2,2,GND,
R53,0R,1,1,ADS_GPIO2_TIE,
R53,0R,2,2,GND,
R54,0R,1,1,ADS_GPIO3_TIE,
R54,0R,2,2,GND,
R55,0R,1,1,ADS_GPIO4_TIE,
R55,0R,2,2,GND,
J2,PROTECTED_1S_LIPO,1,BAT+,BAT_RAW,
J2,PROTECTED_1S_LIPO,2,GND,GND,
D14,PESD5V0U1UL,1,1,BAT_RAW,
D14,PESD5V0U1UL,2,2,GND,
F1,0.50A PTC,1,1,BAT_RAW,
F1,0.50A PTC,2,2,BAT_FUSED,
Q1,DMP2035U,1,G,BAT_GATE,
Q1,DMP2035U,2,S,BAT_FUSED,
Q1,DMP2035U,3,D,BAT_PROT,
R20,1M,1,1,BAT_GATE,
R20,1M,2,2,GND,
C28,10u 6.3V X5R,1,1,BAT_PROT,
C28,10u 6.3V X5R,2,2,GND,
J3,USB_POGO,1,VBUS,VBUS_RAW,
J3,USB_POGO,2,D-,USB_DM_POGO,
J3,USB_POGO,3,D+,USB_DP_POGO,
J3,USB_POGO,4,GND,GND,
U10,TPD2EUSB30DRTR,1,D+,USB_DP_POGO,
U10,TPD2EUSB30DRTR,2,GND,GND,
U10,TPD2EUSB30DRTR,3,D-,USB_DM_POGO,
F2,0.50A PTC,1,1,VBUS_RAW,
F2,0.50A PTC,2,2,VBUS,
R21,22R,1,1,USB_DM_POGO,
R21,22R,2,2,USB_DM,
R22,22R,1,1,USB_DP_POGO,
R22,22R,2,2,USB_DP,
U4,TPS2116DRLR,1,GND,GND,
U4,TPS2116DRLR,2,VOUT,SYS_RAW,
U4,TPS2116DRLR,3,VIN1,VBUS,
U4,TPS2116DRLR,4,PR1,MUX_PR1,
U4,TPS2116DRLR,5,MODE,VBUS,
U4,TPS2116DRLR,6,VIN2,BAT_PROT,
U4,TPS2116DRLR,7,VOUT,SYS_RAW,
U4,TPS2116DRLR,8,ST,PWR_USB_N,
R23,300k,1,1,VBUS,
R23,300k,2,2,MUX_PR1,
R24,100k,1,1,MUX_PR1,
R24,100k,2,2,GND,
C29,1u X7R,1,1,VBUS,
C29,1u X7R,2,2,GND,
C30,1u X7R,1,1,BAT_PROT,
C30,1u X7R,2,2,GND,
C31,22u 6.3V X5R,1,1,SYS_RAW,
C31,22u 6.3V X5R,2,2,GND,
R25,100k,1,1,3V0_D,
R25,100k,2,2,PWR_USB_N,
U5,TPS7A2130PDBVR,1,IN,SYS_RAW,
U5,TPS7A2130PDBVR,2,GND,GND,
U5,TPS7A2130PDBVR,3,EN,SYS_RAW,
U5,TPS7A2130PDBVR,4,NC,,YES
U5,TPS7A2130PDBVR,5,OUT,3V0_D,
U6,TPS7A2030PDBVR,1,IN,SYS_RAW,
U6,TPS7A2030PDBVR,2,GND,GND,
U6,TPS7A2030PDBVR,3,EN,SYS_RAW,
U6,TPS7A2030PDBVR,4,NC,,YES
U6,TPS7A2030PDBVR,5,OUT,3V0_A,
U7,TPS7A2033PDBVR,1,IN,VBUS,
U7,TPS7A2033PDBVR,2,GND,GND,
U7,TPS7A2033PDBVR,3,EN,VBUS,
U7,TPS7A2033PDBVR,4,NC,,YES
U7,TPS7A2033PDBVR,5,OUT,3V3_USB,
C32,1u X7R,1,1,SYS_RAW,
C32,1u X7R,2,2,GND,
C33,10u 6.3V X5R,1,1,3V0_D,
C33,10u 6.3V X5R,2,2,GND,
C34,1u X7R,1,1,SYS_RAW,
C34,1u X7R,2,2,GND,
C35,10u 6.3V X5R,1,1,3V0_A,
C35,10u 6.3V X5R,2,2,GND,
C36,1u X7R,1,1,VBUS,
C36,1u X7R,2,2,GND,
C37,4.7u X7R,1,1,3V3_USB,
C37,4.7u X7R,2,2,GND,
R26,1M,1,1,BAT_PROT,
R26,1M,2,2,BAT_SENSE_DIV,
R27,330k,1,1,BAT_SENSE_DIV,
R27,330k,2,2,GND,
R28,1k,1,1,BAT_SENSE_DIV,
R28,1k,2,2,BAT_ADC,
C38,100n X7R,1,1,BAT_ADC,
C38,100n X7R,2,2,GND,
D15,BAT54H,1,K,RTC_HOLD,
D15,BAT54H,2,A,3V0_D,
C39,47u 6.3V X5R,1,1,RTC_HOLD,
C39,47u 6.3V X5R,2,2,GND,
C40,47u 6.3V X5R,1,1,RTC_HOLD,
C40,47u 6.3V X5R,2,2,GND,
C41,47u 6.3V X5R,1,1,RTC_HOLD,
C41,47u 6.3V X5R,2,2,GND,
U2,STM32WB55RGV6,1,VBAT,RTC_HOLD,
U2,STM32WB55RGV6,2,PC13,,YES
U2,STM32WB55RGV6,3,PC14-OSC32_IN,LSE_IN,
U2,STM32WB55RGV6,4,PC15-OSC32_OUT,LSE_OUT,
U2,STM32WB55RGV6,5,PH3-BOOT0,BOOT0,
U2,STM32WB55RGV6,6,PB8,IMU_SCL,
U2,STM32WB55RGV6,7,PB9,IMU_SDA,
U2,STM32WB55RGV6,8,NRST,NRST,
U2,STM32WB55RGV6,9,PC0,ADS_START,
U2,STM32WB55RGV6,10,PC1,ADS_DRDY,
U2,STM32WB55RGV6,11,PC2,SD_DETECT,
U2,STM32WB55RGV6,12,PC3,SD_PWR_EN,
U2,STM32WB55RGV6,13,VREF+,MCU_VDDA,
U2,STM32WB55RGV6,14,VDDA,MCU_VDDA,
U2,STM32WB55RGV6,15,PA0,BAT_ADC,
U2,STM32WB55RGV6,16,PA1,,YES
U2,STM32WB55RGV6,17,PA2,,YES
U2,STM32WB55RGV6,18,PA3,,YES
U2,STM32WB55RGV6,19,PA4,ADS_CS,
U2,STM32WB55RGV6,20,PA5,ADS_SCLK,
U2,STM32WB55RGV6,21,PA6,ADS_MISO,
U2,STM32WB55RGV6,22,PA7,ADS_MOSI,
U2,STM32WB55RGV6,23,PA8,,YES
U2,STM32WB55RGV6,24,PA9,USB_VBUS_SENSE,
U2,STM32WB55RGV6,25,PC4,IMU_INT1,
U2,STM32WB55RGV6,26,PC5,IMU_INT2,
U2,STM32WB55RGV6,27,PB2,,YES
U2,STM32WB55RGV6,28,PB10,,YES
U2,STM32WB55RGV6,29,PB11,,YES
U2,STM32WB55RGV6,30,VDD,3V0_D,
U2,STM32WB55RGV6,31,RF1,RF_MCU,
U2,STM32WB55RGV6,32,VSSRF,GND,
U2,STM32WB55RGV6,33,VDDRF,3V0_D,
U2,STM32WB55RGV6,34,OSC_OUT,HSE_OUT,
U2,STM32WB55RGV6,35,OSC_IN,HSE_IN,
U2,STM32WB55RGV6,36,AT0,,YES
U2,STM32WB55RGV6,37,AT1,,YES
U2,STM32WB55RGV6,38,PB0,ADS_PWDN,
U2,STM32WB55RGV6,39,PB1,ADS_RESET,
U2,STM32WB55RGV6,40,PE4,,YES
U2,STM32WB55RGV6,41,VFBSMPS,SMPS_FB,
U2,STM32WB55RGV6,42,VSSSMPS,GND,
U2,STM32WB55RGV6,43,VLXSMPS,SMPS_SW,
U2,STM32WB55RGV6,44,VDDSMPS,SMPS_IN,
U2,STM32WB55RGV6,45,VDD,3V0_D,
U2,STM32WB55RGV6,46,PB12,,YES
U2,STM32WB55RGV6,47,PB13,SD_SCK_MCU,
U2,STM32WB55RGV6,48,PB14,SD_MISO_MCU,
U2,STM32WB55RGV6,49,PB15,SD_MOSI_MCU,
U2,STM32WB55RGV6,50,PC6,,YES
U2,STM32WB55RGV6,51,PA10,SD_CS_MCU,
U2,STM32WB55RGV6,52,PA11,USB_DM,
U2,STM32WB55RGV6,53,PA12,USB_DP,
U2,STM32WB55RGV6,54,PA13,SWDIO,
U2,STM32WB55RGV6,55,VDDUSB,3V3_USB,
U2,STM32WB55RGV6,56,PA14,SWCLK,
U2,STM32WB55RGV6,57,PA15,,YES
U2,STM32WB55RGV6,58,PC10,,YES
U2,STM32WB55RGV6,59,PC11,,YES
U2,STM32WB55RGV6,60,PC12,,YES
U2,STM32WB55RGV6,61,PD0,,YES
U2,STM32WB55RGV6,62,PD1,,YES
U2,STM32WB55RGV6,63,PB3,SWO,
U2,STM32WB55RGV6,64,PB4,,YES
U2,STM32WB55RGV6,65,PB5,LED_STATUS_N,
U2,STM32WB55RGV6,66,PB6,,YES
U2,STM32WB55RGV6,67,PB7,,YES
U2,STM32WB55RGV6,68,VDD,3V0_D,
U2,STM32WB55RGV6,69,VSS_EP,GND,
R29,100k,1,1,3V0_D,
R29,100k,2,2,ADS_PWDN,
R30,100k,1,1,3V0_D,
R30,100k,2,2,ADS_RESET,
R31,100k,1,1,ADS_START,
R31,100k,2,2,GND,
R32,100k,1,1,3V0_D,
R32,100k,2,2,ADS_CS,
Y1,32MHz 6pF,1,X1,HSE_IN,
Y1,32MHz 6pF,2,GND1,GND,
Y1,32MHz 6pF,3,X2,HSE_OUT,
Y1,32MHz 6pF,4,GND2,GND,
C42,8.2p C0G,1,1,HSE_IN,
C42,8.2p C0G,2,2,GND,
C43,8.2p C0G,1,1,HSE_OUT,
C43,8.2p C0G,2,2,GND,
Y2,32.768kHz 7pF,1,X1,LSE_IN,
Y2,32.768kHz 7pF,2,X2,LSE_OUT,
C44,10p C0G,1,1,LSE_IN,
C44,10p C0G,2,2,GND,
C45,10p C0G,1,1,LSE_OUT,
C45,10p C0G,2,2,GND,
L1,10nH,1,1,3V0_D,
L1,10nH,2,2,SMPS_IN,
L2,2.2uH,1,1,SMPS_SW,
L2,2.2uH,2,2,SMPS_FB,
C46,4.7u X7R,1,1,SMPS_IN,
C46,4.7u X7R,2,2,GND,
C47,4.7u X7R,1,1,SMPS_FB,
C47,4.7u X7R,2,2,GND,
R33,100k,1,1,3V0_D,
R33,100k,2,2,NRST,
C48,100n X7R,1,1,NRST,
C48,100n X7R,2,2,GND,
R34,100k,1,1,BOOT0,
R34,100k,2,2,GND,
FB1,600R@100MHz,1,1,3V0_D,
FB1,600R@100MHz,2,2,MCU_VDDA,
C49,1u X7R,1,1,MCU_VDDA,
C49,1u X7R,2,2,GND,
C50,100n X7R,1,1,MCU_VDDA,
C50,100n X7R,2,2,GND,
C51,100n X7R,1,1,3V0_D,
C51,100n X7R,2,2,GND,
C52,100n X7R,1,1,3V0_D,
C52,100n X7R,2,2,GND,
C53,100n X7R,1,1,3V0_D,
C53,100n X7R,2,2,GND,
C54,100n X7R,1,1,3V0_D,
C54,100n X7R,2,2,GND,
C55,100n X7R,1,1,3V0_D,
C55,100n X7R,2,2,GND,
C56,100n X7R,1,1,3V3_USB,
C56,100n X7R,2,2,GND,
C57,4.7u X7R,1,1,3V0_D,
C57,4.7u X7R,2,2,GND,
R35,470k,1,1,VBUS,
R35,470k,2,2,USB_VBUS_SENSE,
R36,680k,1,1,USB_VBUS_SENSE,
R36,680k,2,2,GND,
J5,SWD_POGO,1,3V0_D,3V0_D,
J5,SWD_POGO,2,GND,GND,
J5,SWD_POGO,3,SWDIO,SWDIO,
J5,SWD_POGO,4,SWCLK,SWCLK,
J5,SWD_POGO,5,NRST,NRST,
R37,2.2k,1,1,3V0_D,
R37,2.2k,2,2,LED_STATUS_A,
D16,GREEN 0603,1,K,LED_STATUS_N,
D16,GREEN 0603,2,A,LED_STATUS_A,
U3,BMI270,1,SDO/ADDR,GND,
U3,BMI270,2,ASDx,,YES
U3,BMI270,3,ASCx,,YES
U3,BMI270,4,INT1,IMU_INT1,
U3,BMI270,5,VDDIO,3V0_D,
U3,BMI270,6,GNDIO,GND,
U3,BMI270,7,GND,GND,
U3,BMI270,8,VDD,3V0_D,
U3,BMI270,9,INT2,IMU_INT2,
U3,BMI270,10,OCSB,,YES
U3,BMI270,11,OSDO,,YES
U3,BMI270,12,CSB,3V0_D,
U3,BMI270,13,SCx/SCL,IMU_SCL,
U3,BMI270,14,SDx/SDA,IMU_SDA,
R38,4.7k,1,1,3V0_D,
R38,4.7k,2,2,IMU_SCL,
R39,4.7k,1,1,3V0_D,
R39,4.7k,2,2,IMU_SDA,
C58,100n X7R,1,1,3V0_D,
C58,100n X7R,2,2,GND,
C59,100n X7R,1,1,3V0_D,
C59,100n X7R,2,2,GND,
C60,1u X7R,1,1,3V0_D,
C60,1u X7R,2,2,GND,
U8,TPS22918DBVR,1,VIN,3V0_D,
U8,TPS22918DBVR,2,GND,GND,
U8,TPS22918DBVR,3,CT,SD_CT,
U8,TPS22918DBVR,4,ON,SD_PWR_EN,
U8,TPS22918DBVR,5,QOD,GND,
U8,TPS22918DBVR,6,VOUT,3V0_SD,
C61,1n X7R,1,1,SD_CT,
C61,1n X7R,2,2,GND,
R40,100k,1,1,SD_PWR_EN,
R40,100k,2,2,GND,
C62,1u X7R,1,1,3V0_D,
C62,1u X7R,2,2,GND,
C63,22u 6.3V X5R,1,1,3V0_SD,
C63,22u 6.3V X5R,2,2,GND,
C64,100n X7R,1,1,3V0_SD,
C64,100n X7R,2,2,GND,
R41,22R,1,1,SD_CS_MCU,
R41,22R,2,2,SD_DAT3,
R42,22R,1,1,SD_MOSI_MCU,
R42,22R,2,2,SD_CMD,
R43,22R,1,1,SD_SCK_MCU,
R43,22R,2,2,SD_CLK,
R44,22R,1,1,SD_MISO_MCU,
R44,22R,2,2,SD_DAT0,
R45,47k,1,1,3V0_SD,
R45,47k,2,2,SD_DAT2,
R46,47k,1,1,3V0_SD,
R46,47k,2,2,SD_DAT3,
R47,47k,1,1,3V0_SD,
R47,47k,2,2,SD_CMD,
R48,47k,1,1,3V0_SD,
R48,47k,2,2,SD_DAT0,
R49,47k,1,1,3V0_SD,
R49,47k,2,2,SD_DAT1,
R50,100k,1,1,3V0_D,
R50,100k,2,2,SD_DETECT,
J4,MICROSD,1,DAT2,SD_DAT2,
J4,MICROSD,2,DAT3/CS,SD_DAT3,
J4,MICROSD,3,CMD/DI,SD_CMD,
J4,MICROSD,4,VDD,3V0_SD,
J4,MICROSD,5,CLK,SD_CLK,
J4,MICROSD,6,VSS,GND,
J4,MICROSD,7,DAT0/DO,SD_DAT0,
J4,MICROSD,8,DAT1,SD_DAT1,
J4,MICROSD,9,DET_A,SD_DETECT,
J4,MICROSD,10,DET_B,GND,
J4,MICROSD,SH,SHIELD,GND,
U9,MLPF-WB55-01E3,A1,OUT,RF_FILTER_OUT,
U9,MLPF-WB55-01E3,A2,GND,GND,
U9,MLPF-WB55-01E3,A3,IN,RF_MCU,
U9,MLPF-WB55-01E3,B1,GND,GND,
U9,MLPF-WB55-01E3,B2,GND,GND,
U9,MLPF-WB55-01E3,B3,GND,GND,
C65,DNP,1,1,RF_FILTER_OUT,
C65,DNP,2,2,GND,
R51,0R,1,1,RF_FILTER_OUT,
R51,0R,2,2,RF_ANT_FEED,
C66,DNP,1,1,RF_ANT_FEED,
C66,DNP,2,2,GND,
AE1,2450AT18A100E,1,FEED,RF_ANT_FEED,
AE1,2450AT18A100E,2,NC,,YES
TP3,BOOT0,1,1,BOOT0,
TP4,PWR_USB_N,1,1,PWR_USB_N,
TP5,ADS_CLK,1,1,ADS_CLK,
TP6,SWO,1,1,SWO,
#FLG01,PWR_FLAG,1,pwr,GND,
#FLG02,PWR_FLAG,1,pwr,VBUS,
#FLG03,PWR_FLAG,1,pwr,BAT_PROT,
#FLG04,PWR_FLAG,1,pwr,ADS_AVDD1,
#FLG05,PWR_FLAG,1,pwr,MCU_VDDA,
#FLG06,PWR_FLAG,1,pwr,RTC_HOLD,
#FLG07,PWR_FLAG,1,pwr,SMPS_IN,
