"References","Value","Footprint","Manufacturer","MPN","Datasheet","Quantity","DNP"
"AE1","2450AT18A100E","RF_Antenna:Johanson_2450AT18x100_2400-2500Mhz","Johanson Technology","2450AT18A100E","https://www.johansontechnology.com/docs/3827/Antenna-2450AT18A0100001E-Rev4.0.pdf","1",""
"C1-C9,C13","100p C0G","Capacitor_SMD:C_0402_1005Metric","Murata","GRM1555C1H101JA01D","","10",""
"C10","100p C0G DNP","Capacitor_SMD:C_0402_1005Metric","Murata","GRM1555C1H101JA01D","","1","不作装配 (DNP)"
"C11","1nF 100V C0G","Capacitor_SMD:C_0603_1608Metric","KEMET","C0603C102J1GACTU","","1",""
"C12","1.5nF C0G","Capacitor_SMD:C_0402_1005Metric","Murata","GRM1555C1H152JA01D","","1",""
"C14,C28,C33,C35","10u 6.3V X5R","Capacitor_SMD:C_0603_1608Metric","Murata","GRM188R60J106ME47D","","4",""
"C15,C21,C23,C25,C38,C48,C50-C56,C58,C59,C64","100n X7R","Capacitor_SMD:C_0402_1005Metric","Murata","GRM155R71C104KA88D","","16",""
"C16","22u 6.3V X5R","Capacitor_SMD:C_0603_1608Metric","Murata","GRM188R60J226MEA0D","","1",""
"C17-C20,C22,C24,C29,C30,C32,C34,C36,C49,C60,C62","1u X7R","Capacitor_SMD:C_0603_1608Metric","Murata","GRM188R71C105KA12D","","14",""
"C26,C27","2.2n C0G DNP","Capacitor_SMD:C_0402_1005Metric","Murata","GRM1555C1H222JA01D","","2","不作装配 (DNP)"
"C31,C63","22u 6.3V X5R","Capacitor_SMD:C_0805_2012Metric","Murata","GRM21BR60J226ME39L","","2",""
"C37,C46,C47,C57","4.7u X7R","Capacitor_SMD:C_0603_1608Metric","Murata","GRM188Z71A475KE15D","","4",""
"C39-C41","47u 6.3V X5R","Capacitor_SMD:C_0805_2012Metric","Murata","GRM21BR60J476ME15L","","3",""
"C42,C43","8.2p C0G","Capacitor_SMD:C_0402_1005Metric","Murata","GRM1555C1H8R2CA01D","","2",""
"C44,C45","10p C0G","Capacitor_SMD:C_0402_1005Metric","Murata","GRM1555C1H100JA01D","","2",""
"C61","1n X7R","Capacitor_SMD:C_0402_1005Metric","Murata","GRM155R71H102KA01D","","1",""
"C65,C66","DNP","Capacitor_SMD:C_0402_1005Metric","","","","2","不作装配 (DNP)"
"D1-D5,D14","PESD5V0U1UL","Diode_SMD:D_SOD-882","Nexperia","PESD5V0U1UL,315","","6",""
"D6-D13","BAS116","Diode_SMD:D_SOD-323","Nexperia","BAS116,115","","8",""
"D15","BAT54H","Diode_SMD:D_SOD-323","Nexperia","BAT54H,115","","1",""
"D16","GREEN 0603","LED_SMD:LED_0603_1608Metric","Wurth Elektronik","150060VS75000","","1",""
"F1,F2","0.50A PTC","Fuse:Fuse_0603_1608Metric","Bourns","MF-FSMF050X-2","","2",""
"FB1","600R@100MHz","Inductor_SMD:L_0603_1608Metric","Murata","BLM15AG601SN1D","","1",""
"J1","ECG_HARNESS","Holter:Molex_Pico-EZmate_78171-5006","Molex","78171-5006","https://www.molex.com/en-us/products/part-detail/781715006","1",""
"J2","PROTECTED_1S_LIPO","Connector_Molex:Molex_Pico-EZmate_78171-0002_1x02-1MP_P1.20mm_Vertical","Molex","78171-0002","","1",""
"J4","MICROSD","Connector_Card:microSD_HC_Molex_104031-0811","Molex","104031-0811","https://www.molex.com/en-us/products/part-detail/1040310811","1",""
"L1","10nH","Inductor_SMD:L_0603_1608Metric","Murata","LQG15HN10NJ02D","","1",""
"L2","2.2uH","Inductor_SMD:L_0603_1608Metric","Murata","LQM18PN2R2MFRL","","1",""
"Q1","DMP2035U","Package_TO_SOT_SMD:SOT-23","Diodes Incorporated","DMP2035U-7","","1",""
"R1-R9","47.5k 0.1%","Resistor_SMD:R_0603_1608Metric","Yageo","RT0603BRD0747K5L","","9",""
"R10,R11","162k 0.1%","Resistor_SMD:R_0603_1608Metric","Yageo","RT0603BRD07162KL","","2",""
"R12","1M","Resistor_SMD:R_0603_1608Metric","Yageo","RC0603FR-071ML","","1",""
"R13,R15-R17,R51-R55","0R","Resistor_SMD:R_0402_1005Metric","Yageo","RC0402JR-070RL","","9",""
"R14,R20,R26","1M","Resistor_SMD:R_0402_1005Metric","Yageo","RC0402FR-071ML","","3",""
"R18,R19","40.2k 0.1% DNP","Resistor_SMD:R_0402_1005Metric","Yageo","RT0402BRD0740K2L","","2","不作装配 (DNP)"
"R21,R22,R41-R44","22R","Resistor_SMD:R_0402_1005Metric","Yageo","RC0402FR-0722RL","","6",""
"R23","300k","Resistor_SMD:R_0402_1005Metric","Yageo","RC0402FR-07300KL","","1",""
"R24,R25,R29-R34,R40,R50","100k","Resistor_SMD:R_0402_1005Metric","Yageo","RC0402FR-07100KL","","10",""
"R27","330k","Resistor_SMD:R_0402_1005Metric","Yageo","RC0402FR-07330KL","","1",""
"R28","1k","Resistor_SMD:R_0402_1005Metric","Yageo","RC0402FR-071KL","","1",""
"R35","470k","Resistor_SMD:R_0402_1005Metric","Yageo","RC0402FR-07470KL","","1",""
"R36","680k","Resistor_SMD:R_0402_1005Metric","Yageo","RC0402FR-07680KL","","1",""
"R37","2.2k","Resistor_SMD:R_0402_1005Metric","Yageo","RC0402FR-072K2L","","1",""
"R38,R39","4.7k","Resistor_SMD:R_0402_1005Metric","Yageo","RC0402FR-074K7L","","2",""
"R45-R49","47k","Resistor_SMD:R_0402_1005Metric","Yageo","RC0402FR-0747KL","","5",""
"U1","ADS1294RIZXGT","Holter:ADS1294R_ZXG","Texas Instruments","ADS1294RIZXGT","https://www.ti.com/lit/ds/symlink/ads1294r.pdf","1",""
"U2","STM32WB55RGV6","Package_DFN_QFN:QFN-68-1EP_8x8mm_P0.4mm_EP6.4x6.4mm_ThermalVias","STMicroelectronics","STM32WB55RGV6","https://www.st.com/resource/en/datasheet/stm32wb55rg.pdf","1",""
"U3","BMI270","Package_LGA:Bosch_LGA-14_3x2.5mm_P0.5mm","Bosch Sensortec","BMI270","https://www.bosch-sensortec.com/media/boschsensortec/downloads/datasheets/bst-bmi270-ds000.pdf","1",""
"U4","TPS2116DRLR","Holter:Texas_DRL0008A","Texas Instruments","TPS2116DRLR","https://www.ti.com/lit/ds/symlink/tps2116.pdf","1",""
"U5","TPS7A2130PDBVR","Package_TO_SOT_SMD:SOT-23-5","Texas Instruments","TPS7A2130PDBVR","https://www.ti.com/lit/ds/symlink/tps7a21.pdf","1",""
"U6","TPS7A2030PDBVR","Package_TO_SOT_SMD:SOT-23-5","Texas Instruments","TPS7A2030PDBVR","https://www.ti.com/lit/ds/symlink/tps7a20.pdf","1",""
"U7","TPS7A2033PDBVR","Package_TO_SOT_SMD:SOT-23-5","Texas Instruments","TPS7A2033PDBVR","https://www.ti.com/lit/ds/symlink/tps7a20.pdf","1",""
"U8","TPS22918DBVR","Package_TO_SOT_SMD:SOT-23-6","Texas Instruments","TPS22918DBVR","https://www.ti.com/lit/ds/symlink/tps22918.pdf","1",""
"U9","MLPF-WB55-01E3","Holter:MLPF-WB55-01E3","STMicroelectronics","MLPF-WB55-01E3","https://www.st.com/resource/en/datasheet/mlpf-wb55-01e3.pdf","1",""
"U10","TPD2EUSB30DRTR","Package_TO_SOT_SMD:SOT-23","Texas Instruments","TPD2EUSB30DRTR","https://www.ti.com/lit/ds/symlink/tpd2eusb30.pdf","1",""
"Y1","32MHz 6pF","Crystal:Crystal_SMD_2016-4Pin_2.0x1.6mm","NDK","NX2016SA-32M-EXS00A-CS06465","","1",""
"Y2","32.768kHz 7pF","Crystal:Crystal_SMD_3215-2Pin_3.2x1.5mm","NDK","NX3215SA-32.768K-STD-MUA-14","","1",""
